Opp_ID,Company_ID,Stage,Type,Amount,Date_Closed
O0001,C0538,Lost,Series A,7142713,2025-03-25
O0002,C0193,Open,Pre-Seed,2757162,
O0003,C0562,Closed Won,Seed,9389267,2024-08-19
O0004,C0372,Lost,Series A,8714033,2024-08-22
O0005,C0877,Lost,Series B,3756885,2024-08-08
O0006,C0998,Closed Won,Pre-Seed,1940812,2024-11-18
O0007,C0311,Closed Won,Pre-Seed,8082531,2025-01-19
O0008,C0689,Open,Series B,5522508,
O0009,C0798,Open,Series A,4883779,
O0010,C0703,Lost,Pre-Seed,8879894,2025-07-22
O0011,C0734,Open,Series A,778307,
O0012,C0818,Lost,Series A,609285,2025-07-06
O0013,C0571,Closed Won,Series A,9322897,2024-12-19
O0014,C0374,Open,Series B,4713914,
O0015,C0750,Closed Won,Series B,5724752,2025-06-04
O0016,C0538,Open,Series A,1039392,
O0017,C0507,Lost,Series B,8760675,2025-04-20
O0018,C0707,Open,Series A,4381771,
O0019,C0955,Closed Won,Series A,9352153,2024-08-10
O0020,C0127,Lost,Pre-Seed,6372610,2024-09-01
O0021,C0944,Lost,Series B,8830404,2025-04-11
O0022,C0719,Lost,Seed,3337448,2024-11-14
O0023,C0040,Open,Pre-Seed,7964880,
O0024,C0339,Lost,Series B,3055741,2024-12-15
O0025,C0955,Closed Won,Series B,8927609,2025-04-23
O0026,C0914,Closed Won,Series A,4182418,2025-05-10
O0027,C0467,Open,Series A,2659691,
O0028,C0037,Closed Won,Series A,190318,2025-03-31
O0029,C0177,Lost,Seed,9263801,2024-08-13
O0030,C0747,Closed Won,Series B,3314115,2025-05-18
O0031,C0574,Lost,Seed,1032303,2025-02-13
O0032,C0689,Open,Series B,4293168,
O0033,C0119,Closed Won,Series B,3465980,2024-12-10
O0034,C0355,Open,Pre-Seed,5758360,
O0035,C0320,Closed Won,Series A,8770944,2024-11-13
O0036,C0388,Open,Series A,4254061,
O0037,C0610,Lost,Pre-Seed,8817961,2024-08-27
O0038,C0040,Open,Series B,281762,
O0039,C0289,Lost,Series B,8210208,2025-07-17
O0040,C0162,Open,Pre-Seed,636761,
O0041,C0260,Open,Series B,4682084,
O0042,C0024,Closed Won,Pre-Seed,2470700,2024-12-24
O0043,C0580,Open,Seed,9452432,
O0044,C0773,Closed Won,Series B,7832588,2024-12-08
O0045,C0832,Lost,Pre-Seed,389689,2025-02-25
O0046,C0174,Lost,Series B,4837008,2025-04-23
O0047,C0269,Open,Series A,994354,
O0048,C0362,Open,Seed,6214500,
O0049,C0748,Lost,Seed,3998209,2024-08-08
O0050,C0967,Lost,Seed,348396,2025-04-23
O0051,C0429,Open,Pre-Seed,9244898,
O0052,C0471,Open,Series B,5225896,
O0053,C0427,Closed Won,Series A,9155855,2024-12-02
O0054,C0383,Open,Series A,1686973,
O0055,C0111,Lost,Series B,1160270,2024-10-02
O0056,C0090,Lost,Pre-Seed,4627289,2025-04-30
O0057,C0447,Lost,Pre-Seed,3442253,2024-12-15
O0058,C0325,Open,Series A,8109431,
O0059,C0506,Lost,Seed,2817097,2025-02-19
O0060,C0564,Closed Won,Seed,170561,2024-11-15
O0061,C0756,Closed Won,Pre-Seed,3838647,2024-09-09
O0062,C0394,Open,Series A,8313799,
O0063,C0125,Closed Won,Series A,8367439,2024-10-26
O0064,C0472,Open,Pre-Seed,4909468,
O0065,C0727,Open,Series B,4979151,
O0066,C0595,Lost,Series B,1569271,2025-07-13
O0067,C0495,Lost,Pre-Seed,2634921,2025-01-09
O0068,C0544,Open,Series B,3899225,
O0069,C0901,Lost,Series A,5451041,2025-06-29
O0070,C0837,Closed Won,Pre-Seed,4527116,2024-09-14
O0071,C0994,Lost,Seed,7438748,2024-11-02
O0072,C0407,Closed Won,Series A,418836,2025-04-11
O0073,C0749,Closed Won,Series A,2818095,2025-05-15
O0074,C0367,Lost,Series B,9140669,2025-07-14
O0075,C0700,Open,Series A,7231368,
O0076,C0387,Open,Seed,4079521,
O0077,C0388,Closed Won,Series A,5022184,2025-02-26
O0078,C0495,Lost,Pre-Seed,2664574,2024-07-27
O0079,C0294,Lost,Series B,6410528,2025-04-28
O0080,C0928,Open,Seed,3885933,
O0081,C0032,Closed Won,Series B,9213725,2024-11-14
O0082,C0355,Closed Won,Series A,4633471,2024-11-24
O0083,C0672,Lost,Series A,2194133,2024-09-29
O0084,C0629,Open,Series B,389000,
O0085,C0678,Closed Won,Series A,2529039,2025-07-20
O0086,C0796,Lost,Pre-Seed,6739539,2025-03-12
O0087,C0006,Lost,Series A,9018512,2024-12-11
O0088,C0254,Closed Won,Series B,8631949,2025-07-08
O0089,C0671,Lost,Pre-Seed,3234771,2025-02-20
O0090,C0495,Open,Series A,344217,
O0091,C0283,Closed Won,Series B,920660,2025-07-23
O0092,C0363,Closed Won,Series A,5284438,2025-07-25
O0093,C0373,Lost,Pre-Seed,5249676,2025-02-11
O0094,C0020,Closed Won,Series B,5657058,2025-05-02
O0095,C0311,Closed Won,Series A,8384109,2025-02-22
O0096,C0159,Open,Series A,7568644,
O0097,C0475,Open,Seed,3505876,
O0098,C0506,Closed Won,Seed,6514326,2024-12-13
O0099,C0422,Open,Pre-Seed,8073791,
O0100,C0408,Open,Series B,664075,
O0101,C0855,Closed Won,Seed,8859957,2025-01-11
O0102,C0624,Open,Series B,4109081,
O0103,C0562,Lost,Pre-Seed,5123095,2025-02-28
O0104,C0038,Lost,Series B,8647783,2024-10-31
O0105,C0261,Open,Seed,6714298,
O0106,C0804,Closed Won,Pre-Seed,7264558,2025-07-08
O0107,C0816,Closed Won,Pre-Seed,6698434,2025-02-22
O0108,C0491,Lost,Seed,3140700,2025-07-23
O0109,C0355,Closed Won,Pre-Seed,3413590,2025-03-09
O0110,C0292,Lost,Series B,7596743,2025-01-15
O0111,C0539,Lost,Pre-Seed,9839266,2024-11-01
O0112,C0205,Open,Series A,8212919,
O0113,C0937,Closed Won,Series B,4692454,2025-04-04
O0114,C0186,Open,Seed,7020520,
O0115,C0459,Closed Won,Seed,3437030,2025-05-04
O0116,C0281,Closed Won,Seed,4866142,2024-08-29
O0117,C0073,Open,Series A,2708578,
O0118,C0132,Lost,Series B,7298117,2025-03-26
O0119,C0260,Open,Seed,6080435,
O0120,C0488,Closed Won,Series B,5723587,2025-03-18
O0121,C0200,Open,Series A,3427589,
O0122,C0841,Open,Series A,9374993,
O0123,C0456,Closed Won,Seed,1872077,2025-03-12
O0124,C0262,Open,Pre-Seed,8886553,
O0125,C0082,Open,Series B,4266404,
O0126,C0235,Lost,Series B,4140650,2025-07-24
O0127,C0716,Open,Series A,351459,
O0128,C0956,Open,Series A,1858786,
O0129,C0731,Open,Series A,9771627,
O0130,C0441,Lost,Series B,8285953,2024-09-01
O0131,C0722,Lost,Seed,5587942,2025-06-20
O0132,C0381,Closed Won,Seed,7352032,2024-09-23
O0133,C0193,Closed Won,Pre-Seed,1463711,2025-05-14
O0134,C0393,Closed Won,Seed,3110859,2025-01-18
O0135,C0604,Lost,Seed,8953073,2025-07-14
O0136,C0345,Closed Won,Series B,9829115,2024-11-30
O0137,C0931,Closed Won,Seed,1458489,2025-01-24
O0138,C0629,Closed Won,Series B,6432391,2025-03-11
O0139,C0171,Lost,Series A,1044775,2025-04-01
O0140,C0541,Closed Won,Seed,8151591,2024-09-25
O0141,C0682,Closed Won,Pre-Seed,3881762,2025-07-24
O0142,C0614,Closed Won,Series B,7391906,2025-03-20
O0143,C0322,Lost,Series B,5059475,2024-12-07
O0144,C0174,Lost,Series B,7443184,2025-02-16
O0145,C0894,Closed Won,Series A,4293028,2024-12-28
O0146,C0886,Open,Series B,6221246,
O0147,C0633,Closed Won,Series B,8093537,2024-09-14
O0148,C0253,Closed Won,Series A,5362186,2025-02-16
O0149,C0209,Open,Seed,7909833,
O0150,C0438,Closed Won,Series B,382778,2024-08-08
O0151,C0884,Closed Won,Seed,786831,2024-07-27
O0152,C0778,Lost,Series B,6929613,2025-02-23
O0153,C0581,Open,Pre-Seed,3660673,
O0154,C0464,Lost,Series B,8265133,2024-07-27
O0155,C0188,Open,Series B,641602,
O0156,C0807,Closed Won,Pre-Seed,533486,2024-10-29
O0157,C0353,Lost,Series A,3339649,2024-09-01
O0158,C0459,Closed Won,Series B,887308,2024-12-24
O0159,C0993,Lost,Series A,7500754,2024-09-25
O0160,C0966,Open,Seed,6180029,
O0161,C0325,Open,Pre-Seed,7841316,
O0162,C0392,Lost,Seed,350463,2024-09-10
O0163,C0171,Open,Seed,4976733,
O0164,C0977,Closed Won,Series A,1860225,2025-07-11
O0165,C0925,Lost,Series B,8214958,2024-08-15
O0166,C0712,Lost,Series B,7964905,2025-07-11
O0167,C0211,Closed Won,Seed,6874541,2025-06-30
O0168,C0628,Lost,Pre-Seed,8797240,2025-05-31
O0169,C0764,Lost,Seed,5443799,2025-06-07
O0170,C0850,Open,Series A,4088562,
O0171,C0846,Closed Won,Pre-Seed,6970171,2025-01-15
O0172,C0595,Lost,Series B,1076711,2025-04-17
O0173,C0952,Lost,Series B,3780349,2024-09-17
O0174,C0927,Closed Won,Seed,3220889,2025-02-15
O0175,C0335,Open,Series B,9426380,
O0176,C0773,Closed Won,Seed,4980268,2025-07-12
O0177,C0371,Open,Pre-Seed,2300992,
O0178,C0350,Open,Seed,3264983,
O0179,C0202,Lost,Seed,6816562,2025-01-22
O0180,C0710,Closed Won,Seed,2728806,2024-11-08
O0181,C0475,Closed Won,Series A,7237183,2024-12-06
O0182,C0802,Lost,Pre-Seed,1284034,2025-06-01
O0183,C0666,Open,Pre-Seed,6377877,
O0184,C0386,Lost,Pre-Seed,3035408,2025-06-22
O0185,C0507,Open,Seed,6925000,
O0186,C0530,Open,Series A,9264463,
O0187,C0203,Closed Won,Series B,4990689,2025-07-01
O0188,C0574,Lost,Series B,64963,2024-12-07
O0189,C0193,Lost,Series B,3817768,2025-03-05
O0190,C0267,Open,Series B,6916691,
O0191,C0102,Closed Won,Series A,4645196,2025-05-02
O0192,C0846,Lost,Series A,1547679,2024-08-18
O0193,C0688,Closed Won,Series A,8169378,2024-08-18
O0194,C0372,Open,Series B,7743198,
O0195,C0607,Closed Won,Series B,8948305,2025-01-23
O0196,C0121,Open,Seed,4907421,
O0197,C0930,Closed Won,Seed,7415942,2024-11-21
O0198,C0712,Open,Pre-Seed,8972628,
O0199,C0567,Lost,Series A,1669014,2024-09-18
O0200,C0594,Open,Series B,8566584,
O0201,C0302,Open,Series B,2096377,
O0202,C0644,Open,Seed,761216,
O0203,C0738,Closed Won,Series B,7373019,2025-07-16
O0204,C0314,Lost,Series A,8038865,2024-09-16
O0205,C0376,Closed Won,Seed,8504173,2025-01-23
O0206,C0467,Lost,Series B,8973576,2025-02-13
O0207,C0513,Open,Series A,6453175,
O0208,C0582,Closed Won,Pre-Seed,6247228,2024-09-28
O0209,C0783,Open,Seed,7837047,
O0210,C0910,Closed Won,Seed,107975,2025-04-09
O0211,C0891,Closed Won,Series B,8523721,2025-06-13
O0212,C0786,Open,Series B,8353764,
O0213,C0617,Open,Seed,7087264,
O0214,C0987,Open,Series A,6461231,
O0215,C0298,Lost,Seed,8125850,2024-08-23
O0216,C0226,Closed Won,Seed,7033739,2025-06-30
O0217,C0582,Closed Won,Series A,4197622,2025-07-04
O0218,C0228,Lost,Series B,3079636,2024-07-31
O0219,C0052,Open,Pre-Seed,712155,
O0220,C0384,Closed Won,Series A,9966853,2025-05-17
O0221,C0106,Closed Won,Seed,3132388,2025-05-08
O0222,C0145,Open,Series A,4125677,
O0223,C0249,Lost,Series B,8229129,2025-04-01
O0224,C0669,Open,Pre-Seed,9586449,
O0225,C0257,Open,Series B,3843079,
O0226,C0491,Closed Won,Seed,7826035,2024-10-27
O0227,C0029,Lost,Series B,4474672,2025-06-22
O0228,C0658,Open,Pre-Seed,8710681,
O0229,C0654,Lost,Seed,5451231,2025-04-19
O0230,C0994,Closed Won,Series B,4896719,2025-01-22
O0231,C0438,Open,Seed,6287408,
O0232,C0103,Lost,Pre-Seed,1301729,2024-08-17
O0233,C0637,Open,Seed,2042408,
O0234,C0943,Closed Won,Seed,1667743,2025-01-01
O0235,C0862,Closed Won,Series A,1191310,2024-10-16
O0236,C0491,Open,Seed,8493213,
O0237,C0403,Open,Seed,2209772,
O0238,C0250,Closed Won,Series A,9965583,2024-10-04
O0239,C0787,Lost,Series A,4833977,2024-12-19
O0240,C0823,Lost,Pre-Seed,3320028,2025-02-18
O0241,C0303,Lost,Series B,5965765,2025-07-25
O0242,C0868,Closed Won,Series B,1878703,2024-11-04
O0243,C0004,Closed Won,Series B,9344706,2024-08-05
O0244,C0552,Closed Won,Pre-Seed,233930,2025-07-21
O0245,C0420,Lost,Series A,9127406,2024-08-08
O0246,C0899,Closed Won,Series B,5453849,2025-05-22
O0247,C0256,Lost,Seed,1840057,2025-01-30
O0248,C0075,Lost,Series B,6926563,2025-07-07
O0249,C0432,Open,Pre-Seed,770801,
O0250,C0310,Closed Won,Series B,8476373,2024-08-04
O0251,C0649,Open,Seed,1287229,
O0252,C0844,Open,Seed,1251421,
O0253,C0953,Closed Won,Seed,655668,2025-05-21
O0254,C0252,Open,Series B,4599356,
O0255,C0395,Open,Series B,4906345,
O0256,C0170,Closed Won,Series A,3891531,2025-07-04
O0257,C0793,Open,Series B,9335028,
O0258,C0843,Open,Series A,621266,
O0259,C0863,Closed Won,Seed,1421953,2024-09-09
O0260,C0837,Open,Series B,9976965,
O0261,C0836,Closed Won,Pre-Seed,739766,2025-06-10
O0262,C0106,Closed Won,Seed,6854707,2025-06-07
O0263,C0129,Open,Pre-Seed,3825341,
O0264,C0724,Lost,Series A,5510142,2024-10-19
O0265,C0585,Lost,Series A,2837210,2025-01-06
O0266,C0862,Open,Seed,7408485,
O0267,C0657,Open,Seed,9347205,
O0268,C0650,Closed Won,Series A,5965671,2025-06-20
O0269,C0769,Closed Won,Pre-Seed,7717481,2024-10-23
O0270,C0928,Open,Seed,3757537,
O0271,C0907,Closed Won,Pre-Seed,5352971,2024-11-03
O0272,C0400,Lost,Seed,9751051,2024-09-07
O0273,C0148,Open,Seed,2593099,
O0274,C0016,Lost,Pre-Seed,9686965,2025-07-10
O0275,C0365,Lost,Pre-Seed,5852050,2025-01-14
O0276,C0354,Open,Pre-Seed,5529676,
O0277,C0761,Open,Series B,811956,
O0278,C0620,Open,Series B,5409264,
O0279,C0886,Closed Won,Series B,1428040,2025-07-04
O0280,C0385,Lost,Series B,6152525,2025-05-24
O0281,C0878,Lost,Series B,4039076,2024-10-20
O0282,C0823,Open,Series B,9205181,
O0283,C0291,Lost,Series B,2127825,2025-06-04
O0284,C0949,Open,Series A,5136013,
O0285,C0197,Closed Won,Seed,7026199,2025-07-13
O0286,C0894,Lost,Series B,78955,2024-09-10
O0287,C0207,Open,Seed,7721517,
O0288,C0643,Lost,Series A,5221328,2025-06-09
O0289,C0414,Closed Won,Seed,1315698,2025-06-13
O0290,C0826,Closed Won,Seed,5741700,2025-03-08
O0291,C0754,Closed Won,Seed,3269824,2024-11-08
O0292,C0682,Lost,Series A,1242982,2025-04-06
O0293,C0490,Closed Won,Seed,1352704,2025-02-11
O0294,C0269,Lost,Series A,9784773,2024-12-29
O0295,C0352,Open,Pre-Seed,6387134,
O0296,C0990,Closed Won,Series A,45840,2024-11-01
O0297,C0583,Lost,Seed,8930591,2024-08-11
O0298,C0961,Lost,Seed,3636225,2025-03-24
O0299,C0183,Lost,Pre-Seed,4519125,2025-05-03
O0300,C0685,Open,Seed,9498297,
O0301,C0688,Open,Seed,5784454,
O0302,C0562,Open,Series B,9237688,
O0303,C0752,Lost,Series B,9239011,2025-05-27
O0304,C0954,Lost,Seed,4045865,2025-01-17
O0305,C0620,Closed Won,Series A,3513911,2025-05-09
O0306,C0944,Open,Series A,2931886,
O0307,C0050,Closed Won,Pre-Seed,8295708,2025-03-31
O0308,C0438,Lost,Series B,9586252,2025-06-20
O0309,C0501,Closed Won,Pre-Seed,3681907,2024-09-20
O0310,C0553,Open,Pre-Seed,8474260,
O0311,C0681,Lost,Series B,1580374,2025-06-14
O0312,C0486,Open,Series B,8627417,
O0313,C0848,Closed Won,Seed,8747377,2024-08-14
O0314,C0808,Closed Won,Pre-Seed,7240174,2024-08-22
O0315,C0201,Closed Won,Seed,9762278,2025-07-02
O0316,C0269,Lost,Pre-Seed,4885311,2025-03-16
O0317,C0877,Lost,Series B,2121257,2024-10-19
O0318,C0735,Lost,Seed,3819410,2024-10-28
O0319,C0010,Closed Won,Series B,3678503,2024-10-07
O0320,C0026,Open,Seed,9100373,
O0321,C0553,Open,Seed,1822991,
O0322,C0030,Open,Pre-Seed,9393664,
O0323,C0286,Closed Won,Series A,7339022,2025-04-04
O0324,C0129,Open,Series A,6264107,
O0325,C0124,Lost,Seed,7648444,2024-08-03
O0326,C0284,Closed Won,Series B,5260555,2024-12-15
O0327,C0902,Open,Series A,1640300,
O0328,C0931,Closed Won,Series B,8247860,2025-01-03
O0329,C0687,Open,Seed,9534451,
O0330,C0110,Closed Won,Series B,8214904,2025-04-07
O0331,C0639,Open,Series A,8023874,
O0332,C0573,Lost,Seed,7432134,2025-07-13
O0333,C0969,Open,Seed,5727337,
O0334,C0677,Closed Won,Series B,6957142,2025-03-11
O0335,C0556,Open,Seed,4251164,
O0336,C0401,Lost,Pre-Seed,8063310,2024-10-13
O0337,C0568,Closed Won,Series B,4814357,2024-12-20
O0338,C0276,Lost,Series A,3594076,2025-04-24
O0339,C0764,Closed Won,Series A,5362587,2025-03-09
O0340,C0539,Open,Pre-Seed,9090861,
O0341,C0468,Lost,Series A,2385207,2024-09-22
O0342,C0606,Closed Won,Series B,6132313,2025-07-23
O0343,C0630,Lost,Seed,5213010,2024-09-19
O0344,C0478,Lost,Seed,8313395,2025-02-22
O0345,C0951,Open,Seed,5138815,
O0346,C0557,Lost,Series A,8588845,2025-04-06
O0347,C0788,Open,Pre-Seed,8039837,
O0348,C0234,Lost,Seed,6823583,2025-06-15
O0349,C0903,Lost,Series A,3863896,2025-04-17
O0350,C0638,Open,Series A,5477971,
O0351,C0742,Open,Pre-Seed,7733859,
O0352,C0046,Closed Won,Series A,7509166,2024-11-07
O0353,C0633,Closed Won,Series A,4550356,2025-01-31
O0354,C0209,Open,Series A,5859102,
O0355,C0835,Closed Won,Series A,8944983,2025-04-17
O0356,C0295,Open,Series B,7415552,
O0357,C0092,Closed Won,Seed,3226109,2025-05-19
O0358,C0583,Closed Won,Seed,671342,2024-09-18
O0359,C0601,Lost,Pre-Seed,7484594,2024-08-20
O0360,C0833,Open,Seed,3841654,
O0361,C0336,Closed Won,Seed,4970750,2025-07-16
O0362,C0975,Open,Series A,9729272,
O0363,C0835,Lost,Series A,1614407,2024-07-30
O0364,C0686,Lost,Series A,5861721,2024-11-04
O0365,C0337,Closed Won,Series B,9062061,2025-06-24
O0366,C0834,Lost,Series B,9511127,2025-01-21
O0367,C0488,Closed Won,Series A,903817,2024-11-07
O0368,C0353,Lost,Seed,1638993,2025-05-17
O0369,C0593,Lost,Series A,170433,2024-12-10
O0370,C0430,Lost,Pre-Seed,7158546,2024-08-05
O0371,C0319,Closed Won,Pre-Seed,307548,2025-01-01
O0372,C0503,Lost,Seed,3305479,2024-12-16
O0373,C0744,Lost,Pre-Seed,1918802,2024-08-17
O0374,C0990,Lost,Pre-Seed,7165320,2025-06-01
O0375,C0039,Lost,Series B,2079489,2024-12-29
O0376,C0194,Lost,Series A,493581,2025-04-09
O0377,C0417,Lost,Series B,7849153,2025-07-14
O0378,C0359,Lost,Pre-Seed,1397905,2024-09-04
O0379,C0023,Closed Won,Series A,4137783,2024-08-02
O0380,C0251,Closed Won,Series A,8138587,2024-08-31
O0381,C0104,Lost,Pre-Seed,7743644,2025-03-16
O0382,C0833,Lost,Series B,7096501,2024-12-13
O0383,C0818,Open,Seed,7631577,
O0384,C0135,Lost,Pre-Seed,1260089,2024-09-08
O0385,C0811,Open,Series B,5632810,
O0386,C0556,Open,Series A,513820,
O0387,C0389,Lost,Series A,7885698,2024-09-24
O0388,C0783,Lost,Series A,9817092,2025-04-22
O0389,C0270,Open,Seed,7712202,
O0390,C0511,Lost,Series B,2173720,2025-02-20
O0391,C0920,Lost,Pre-Seed,9972645,2024-12-24
O0392,C0676,Open,Series A,336804,
O0393,C0924,Lost,Series B,5922336,2025-05-04
O0394,C0833,Closed Won,Series B,1421275,2025-01-16
O0395,C0128,Lost,Series A,8658421,2025-06-30
O0396,C0650,Lost,Series B,4242049,2024-09-25
O0397,C0441,Lost,Series B,8330560,2025-01-17
O0398,C0264,Open,Pre-Seed,515557,
O0399,C0749,Lost,Series B,4676314,2024-08-30
O0400,C0380,Closed Won,Pre-Seed,7791930,2025-05-11
O0401,C0322,Lost,Seed,4365010,2024-08-07
O0402,C0074,Lost,Pre-Seed,876226,2024-10-12
O0403,C0316,Open,Series B,1341473,
O0404,C0231,Open,Pre-Seed,6190762,
O0405,C0705,Closed Won,Series B,9840712,2025-04-01
O0406,C0935,Open,Series B,6917662,
O0407,C0335,Lost,Pre-Seed,7493979,2025-06-09
O0408,C0340,Open,Seed,9253806,
O0409,C0073,Open,Pre-Seed,5775529,
O0410,C0639,Closed Won,Pre-Seed,1940581,2025-07-16
O0411,C0633,Lost,Series B,3518217,2025-06-21
O0412,C0792,Open,Series B,7775770,
O0413,C0605,Open,Series B,8172156,
O0414,C0862,Open,Series B,1059859,
O0415,C0857,Lost,Series A,8856415,2025-01-31
O0416,C0378,Open,Series B,4521153,
O0417,C0841,Lost,Series A,7004285,2025-04-17
O0418,C0885,Closed Won,Series B,8243447,2025-04-25
O0419,C0156,Open,Pre-Seed,386700,
O0420,C0885,Open,Seed,6415232,
O0421,C0771,Lost,Pre-Seed,1310904,2025-07-20
O0422,C0969,Open,Series B,5418321,
O0423,C0158,Open,Pre-Seed,3217071,
O0424,C0205,Lost,Pre-Seed,6922241,2024-09-11
O0425,C0023,Closed Won,Series A,2554241,2025-06-05
O0426,C0631,Lost,Seed,5059999,2025-06-19
O0427,C0212,Lost,Pre-Seed,5896124,2025-01-25
O0428,C0182,Closed Won,Seed,2227523,2024-09-22
O0429,C0945,Open,Pre-Seed,6927427,
O0430,C0405,Closed Won,Series A,6205965,2024-12-02
O0431,C0211,Lost,Pre-Seed,1269643,2025-05-20
O0432,C0381,Lost,Seed,2246115,2025-06-03
O0433,C0782,Lost,Series B,3384788,2025-07-13
O0434,C0927,Closed Won,Series B,1257612,2025-05-13
O0435,C0379,Open,Seed,4898402,
O0436,C0904,Open,Seed,2306391,
O0437,C0550,Open,Seed,3507052,
O0438,C0714,Open,Series A,2549150,
O0439,C0449,Closed Won,Series B,2280259,2025-02-17
O0440,C0110,Closed Won,Pre-Seed,1689753,2025-07-02
O0441,C0246,Closed Won,Seed,8230834,2025-06-19
O0442,C0725,Lost,Seed,4941382,2024-09-14
O0443,C0306,Open,Pre-Seed,5133473,
O0444,C0495,Closed Won,Seed,8550150,2025-03-21
O0445,C0075,Open,Series B,9889654,
O0446,C0819,Lost,Seed,9706926,2025-05-26
O0447,C0143,Lost,Pre-Seed,2013880,2024-08-10
O0448,C0162,Lost,Seed,2737345,2024-10-11
O0449,C0451,Open,Series A,2244315,
O0450,C0514,Closed Won,Series B,2637938,2025-01-03
O0451,C0954,Closed Won,Series A,7654576,2025-04-17
O0452,C0427,Open,Seed,2255543,
O0453,C0506,Lost,Seed,5401778,2025-04-06
O0454,C0547,Open,Series A,5336035,
O0455,C0913,Open,Series A,7713157,
O0456,C0178,Closed Won,Series A,6588330,2025-05-07
O0457,C0142,Closed Won,Pre-Seed,7249859,2024-07-26
O0458,C0030,Open,Series B,2972160,
O0459,C0274,Open,Series A,8936755,
O0460,C0372,Lost,Pre-Seed,572507,2025-01-07
O0461,C0842,Lost,Series A,4339058,2025-04-27
O0462,C0094,Lost,Seed,6580738,2024-12-29
O0463,C0880,Closed Won,Series B,1467421,2024-08-07
O0464,C0539,Open,Series A,1159626,
O0465,C0759,Open,Seed,8217022,
O0466,C0508,Closed Won,Seed,7885752,2025-01-01
O0467,C0929,Lost,Pre-Seed,1292892,2025-04-07
O0468,C0152,Closed Won,Pre-Seed,3403810,2025-05-24
O0469,C0683,Lost,Seed,5237352,2025-03-08
O0470,C0275,Open,Seed,9735789,
O0471,C0207,Closed Won,Series A,6515725,2024-08-22
O0472,C0111,Closed Won,Pre-Seed,758477,2024-09-25
O0473,C0260,Open,Pre-Seed,8649782,
O0474,C0762,Closed Won,Pre-Seed,3020266,2025-05-18
O0475,C0916,Open,Series B,2611763,
O0476,C0301,Closed Won,Pre-Seed,1313719,2025-01-01
O0477,C0866,Lost,Seed,9776412,2024-12-12
O0478,C0005,Closed Won,Pre-Seed,6093466,2024-09-30
O0479,C0729,Open,Series B,9267472,
O0480,C0090,Closed Won,Series A,8818274,2025-04-04
O0481,C0681,Lost,Series B,7855895,2025-05-19
O0482,C0580,Closed Won,Series A,8876844,2024-08-02
O0483,C0713,Open,Series B,395032,
O0484,C0438,Lost,Pre-Seed,6608763,2025-04-22
O0485,C0361,Open,Series A,7114467,
O0486,C0754,Open,Series B,2441070,
O0487,C0574,Closed Won,Pre-Seed,7247289,2025-01-10
O0488,C0896,Lost,Series B,8693951,2024-10-30
O0489,C0497,Lost,Series B,7305970,2025-07-08
O0490,C0971,Closed Won,Seed,2063070,2024-08-12
O0491,C0797,Lost,Seed,9492419,2025-01-03
O0492,C0400,Closed Won,Series A,1657514,2025-04-16
O0493,C0279,Lost,Seed,100273,2025-05-12
O0494,C0105,Closed Won,Series B,2622708,2025-04-18
O0495,C0119,Closed Won,Pre-Seed,6616336,2025-05-16
O0496,C0489,Open,Series B,7333367,
O0497,C0521,Open,Seed,9599799,
O0498,C0316,Lost,Pre-Seed,3754271,2024-09-27
O0499,C0122,Open,Series A,9781975,
O0500,C0382,Open,Series A,478113,
O0501,C0875,Closed Won,Seed,1955160,2025-06-25
O0502,C0201,Closed Won,Seed,8381896,2025-03-26
O0503,C0428,Lost,Pre-Seed,4677896,2024-10-01
O0504,C0039,Lost,Series A,3809818,2025-02-01
O0505,C0384,Open,Pre-Seed,8576534,
O0506,C0365,Closed Won,Series B,9637955,2025-06-23
O0507,C0258,Lost,Pre-Seed,9055227,2024-12-28
O0508,C0940,Open,Series A,9304168,
O0509,C0598,Open,Pre-Seed,5405626,
O0510,C0498,Lost,Series A,8289962,2025-01-08
O0511,C0994,Open,Series A,8045182,
O0512,C0264,Closed Won,Seed,4894535,2024-10-05
O0513,C0911,Open,Series A,3432573,
O0514,C0026,Closed Won,Series B,7194338,2024-10-08
O0515,C0916,Lost,Seed,5408918,2024-08-09
O0516,C0790,Open,Series B,1257278,
O0517,C0251,Closed Won,Series A,35986,2024-09-13
O0518,C0327,Lost,Series B,3313609,2025-01-28
O0519,C0975,Closed Won,Series B,5743246,2025-06-13
O0520,C0253,Open,Seed,6929670,
O0521,C0312,Open,Series B,430706,
O0522,C0373,Closed Won,Series A,168608,2024-10-11
O0523,C0054,Closed Won,Series B,8851739,2024-09-08
O0524,C0605,Lost,Seed,6117957,2025-04-08
O0525,C0197,Lost,Series B,5415975,2025-02-04
O0526,C0488,Closed Won,Pre-Seed,3020936,2024-11-02
O0527,C0553,Closed Won,Pre-Seed,6674339,2025-04-19
O0528,C0237,Closed Won,Series B,6181934,2025-03-18
O0529,C0948,Lost,Pre-Seed,2666334,2025-07-02
O0530,C0270,Closed Won,Pre-Seed,1787347,2025-01-10
O0531,C0928,Open,Pre-Seed,9858655,
O0532,C0812,Open,Series A,6532140,
O0533,C0940,Lost,Series A,452999,2025-05-05
O0534,C0872,Lost,Seed,953979,2025-06-08
O0535,C0785,Closed Won,Series A,190783,2025-07-20
O0536,C0466,Open,Series B,4168822,
O0537,C0971,Lost,Seed,7876825,2025-02-11
O0538,C0496,Lost,Pre-Seed,1024074,2025-04-04
O0539,C0622,Closed Won,Seed,7207279,2025-07-26
O0540,C0907,Lost,Seed,8389561,2025-07-07
O0541,C0242,Closed Won,Series A,4888029,2024-12-18
O0542,C0471,Open,Seed,2078027,
O0543,C0739,Closed Won,Series B,8217996,2024-09-30
O0544,C0381,Lost,Seed,6498208,2025-03-17
O0545,C0839,Closed Won,Series A,8478942,2025-01-02
O0546,C0035,Open,Seed,8133744,
O0547,C0937,Lost,Series A,7715174,2025-06-04
O0548,C0870,Closed Won,Series B,7466622,2024-09-10
O0549,C0050,Open,Pre-Seed,4124304,
O0550,C0518,Lost,Series A,8631261,2025-05-09
O0551,C0989,Closed Won,Series A,8259129,2024-10-07
O0552,C0859,Closed Won,Pre-Seed,9923183,2025-05-25
O0553,C0728,Closed Won,Series B,1803142,2025-03-13
O0554,C0060,Lost,Pre-Seed,5277386,2024-09-20
O0555,C0639,Open,Series A,3221331,
O0556,C0265,Lost,Series A,6680384,2025-05-20
O0557,C0580,Open,Seed,4733941,
O0558,C0356,Closed Won,Seed,7269836,2025-05-25
O0559,C0245,Lost,Pre-Seed,8973681,2025-05-07
O0560,C0124,Closed Won,Pre-Seed,3800400,2025-05-23
O0561,C0149,Open,Series B,9757599,
O0562,C0238,Lost,Pre-Seed,7832704,2024-11-23
O0563,C0213,Open,Pre-Seed,9161750,
O0564,C0914,Closed Won,Series A,1636558,2025-05-25
O0565,C0399,Open,Seed,2860220,
O0566,C0068,Closed Won,Pre-Seed,8451859,2025-05-25
O0567,C0259,Closed Won,Seed,2094365,2025-04-16
O0568,C0186,Open,Seed,5735875,
O0569,C0474,Closed Won,Seed,6059552,2025-02-09
O0570,C0886,Open,Pre-Seed,1819694,
O0571,C0811,Lost,Seed,1716217,2024-10-29
O0572,C0037,Closed Won,Pre-Seed,7690499,2025-07-10
O0573,C0685,Lost,Pre-Seed,960712,2025-05-30
O0574,C0316,Open,Seed,8657779,
O0575,C0910,Lost,Series A,4224670,2025-01-19
O0576,C0439,Open,Series A,8823383,
O0577,C0300,Closed Won,Series B,7381415,2025-03-17
O0578,C0231,Lost,Series B,9685745,2024-10-25
O0579,C0423,Lost,Pre-Seed,7584951,2025-04-30
O0580,C0284,Closed Won,Seed,1938928,2025-07-09
O0581,C0470,Open,Seed,1064900,
O0582,C0003,Closed Won,Series B,1790556,2024-08-01
O0583,C0731,Open,Seed,9544525,
O0584,C0130,Lost,Series A,9274227,2025-02-10
O0585,C0115,Open,Pre-Seed,6369368,
O0586,C0913,Lost,Series B,1662638,2024-11-24
O0587,C0149,Closed Won,Seed,2993331,2025-03-10
O0588,C0636,Lost,Pre-Seed,3371007,2024-11-01
O0589,C0259,Open,Series B,7891842,
O0590,C0977,Open,Series A,533997,
O0591,C0487,Open,Series B,1838902,
O0592,C0992,Open,Series B,1707753,
O0593,C0620,Closed Won,Series B,6414453,2024-09-10
O0594,C0287,Closed Won,Pre-Seed,855333,2025-03-13
O0595,C0927,Open,Pre-Seed,3938093,
O0596,C0802,Open,Seed,3625659,
O0597,C0893,Lost,Pre-Seed,5939304,2024-08-28
O0598,C0566,Closed Won,Seed,5702518,2025-04-23
O0599,C0466,Open,Series B,188959,
O0600,C0163,Closed Won,Series B,3656951,2025-03-16
O0601,C0712,Open,Series B,1791952,
O0602,C0232,Lost,Series B,3889813,2025-05-27
O0603,C0801,Closed Won,Series B,5267271,2024-09-26
O0604,C0762,Closed Won,Series B,4213456,2024-09-01
O0605,C0545,Closed Won,Series A,4466494,2024-08-11
O0606,C0049,Open,Pre-Seed,8386961,
O0607,C0850,Closed Won,Series A,2243630,2024-09-27
O0608,C0051,Closed Won,Series B,7979019,2024-08-25
O0609,C0445,Closed Won,Seed,6872916,2025-05-01
O0610,C0757,Closed Won,Series A,2326088,2025-06-21
O0611,C0285,Open,Series B,9155448,
O0612,C0313,Lost,Seed,3381509,2024-10-21
O0613,C0830,Lost,Series B,2662044,2025-03-20
O0614,C0536,Open,Series A,4088779,
O0615,C0879,Open,Pre-Seed,3567925,
O0616,C0336,Open,Pre-Seed,5948057,
O0617,C0868,Closed Won,Seed,6798989,2025-05-11
O0618,C0641,Closed Won,Pre-Seed,9413356,2025-04-24
O0619,C0958,Open,Seed,6861707,
O0620,C0004,Open,Series B,351330,
O0621,C0050,Closed Won,Seed,9873287,2024-11-20
O0622,C0357,Closed Won,Series A,2477390,2025-04-26
O0623,C0881,Lost,Series B,9429671,2025-03-04
O0624,C0447,Open,Pre-Seed,7088793,
O0625,C0517,Closed Won,Seed,507620,2024-08-08
O0626,C0177,Closed Won,Series A,9799184,2024-10-09
O0627,C0827,Closed Won,Series B,1151806,2025-03-24
O0628,C0457,Lost,Seed,3198354,2025-06-23
O0629,C0888,Lost,Seed,8661441,2024-12-02
O0630,C0369,Open,Series A,9608675,
O0631,C0747,Closed Won,Pre-Seed,7261918,2025-03-22
O0632,C0331,Lost,Seed,6210456,2024-08-11
O0633,C0789,Closed Won,Series A,2174246,2024-11-26
O0634,C0449,Open,Series B,3437239,
O0635,C0099,Closed Won,Pre-Seed,7142803,2025-04-17
O0636,C0118,Open,Pre-Seed,9020355,
O0637,C0514,Lost,Series B,1198658,2024-11-25
O0638,C0591,Lost,Series A,4277727,2025-05-22
O0639,C0833,Open,Series A,7797524,
O0640,C0060,Closed Won,Pre-Seed,2658051,2025-07-26
O0641,C0732,Open,Seed,9928718,
O0642,C0362,Closed Won,Series B,1114189,2024-10-28
O0643,C0814,Closed Won,Series B,760047,2024-09-21
O0644,C0268,Closed Won,Pre-Seed,4705400,2025-01-24
O0645,C0091,Lost,Series B,8683759,2025-06-27
O0646,C0264,Lost,Series A,6758902,2024-08-27
O0647,C0865,Open,Series A,4039800,
O0648,C0018,Closed Won,Series A,1460642,2025-06-02
O0649,C0429,Open,Seed,5374773,
O0650,C0494,Closed Won,Series B,1122984,2025-06-27
O0651,C0925,Closed Won,Seed,7665311,2025-05-31
O0652,C0593,Closed Won,Series B,6325804,2025-06-30
O0653,C0361,Open,Series B,2098720,
O0654,C0077,Open,Series A,8885687,
O0655,C0979,Open,Series A,305880,
O0656,C0354,Open,Series A,4265084,
O0657,C0056,Open,Seed,6724395,
O0658,C0254,Open,Seed,4474649,
O0659,C0902,Open,Seed,1864542,
O0660,C0761,Closed Won,Pre-Seed,9611799,2024-11-13
O0661,C0347,Closed Won,Series B,5851539,2025-04-24
O0662,C0435,Closed Won,Series B,7423708,2025-02-23
O0663,C0915,Closed Won,Seed,7238026,2025-01-09
O0664,C0277,Closed Won,Series A,2415680,2024-10-31
O0665,C0508,Closed Won,Pre-Seed,2180177,2025-05-24
O0666,C0738,Open,Series A,9255124,
O0667,C0607,Lost,Series A,9530653,2024-10-03
O0668,C0463,Closed Won,Series A,1215701,2024-11-02
O0669,C0652,Open,Seed,7223442,
O0670,C0991,Closed Won,Series A,5902603,2025-01-16
O0671,C0451,Open,Series A,6995599,
O0672,C0966,Closed Won,Series B,6713839,2024-12-11
O0673,C0129,Open,Series B,5596395,
O0674,C0080,Closed Won,Series B,9757494,2024-07-26
O0675,C0703,Closed Won,Series A,5569584,2024-08-18
O0676,C0656,Lost,Series A,1510355,2025-05-27
O0677,C0156,Closed Won,Series B,8872588,2024-08-09
O0678,C0161,Closed Won,Pre-Seed,1684660,2025-04-01
O0679,C0802,Closed Won,Pre-Seed,6527281,2025-05-09
O0680,C0356,Closed Won,Series A,6850200,2025-03-24
O0681,C0025,Closed Won,Seed,2425497,2024-10-09
O0682,C0682,Closed Won,Seed,6497224,2025-01-11
O0683,C0526,Lost,Seed,8038936,2024-12-14
O0684,C0342,Closed Won,Series B,6128656,2024-08-14
O0685,C0492,Lost,Pre-Seed,9991734,2025-06-15
O0686,C0874,Lost,Series A,3423639,2025-01-28
O0687,C0066,Lost,Series A,8965854,2025-04-27
O0688,C0851,Closed Won,Seed,6844442,2025-01-01
O0689,C0207,Lost,Pre-Seed,5666944,2025-05-01
O0690,C0006,Lost,Series B,1628170,2025-03-26
O0691,C0673,Open,Seed,7978473,
O0692,C0867,Lost,Series A,92579,2025-01-27
O0693,C0237,Open,Seed,5413212,
O0694,C0894,Lost,Pre-Seed,5909730,2025-07-24
O0695,C0401,Lost,Pre-Seed,839487,2024-11-04
O0696,C0200,Lost,Seed,2402453,2025-04-13
O0697,C0967,Lost,Seed,2888739,2025-04-19
O0698,C0716,Closed Won,Pre-Seed,9894604,2024-12-26
O0699,C0693,Closed Won,Series A,5625234,2024-08-13
O0700,C0427,Open,Series A,7571275,
O0701,C0911,Closed Won,Pre-Seed,1047655,2025-04-02
O0702,C0023,Lost,Series B,6821345,2025-07-07
O0703,C0088,Closed Won,Series B,3873906,2025-05-09
O0704,C0011,Open,Seed,735579,
O0705,C0525,Open,Pre-Seed,2446240,
O0706,C0014,Closed Won,Pre-Seed,9681746,2025-01-13
O0707,C0312,Lost,Seed,4575672,2024-12-17
O0708,C0565,Open,Seed,5356069,
O0709,C0725,Lost,Series A,6939482,2025-06-27
O0710,C0268,Closed Won,Series B,6360650,2024-09-15
O0711,C0571,Closed Won,Series A,8969378,2024-10-16
O0712,C0105,Closed Won,Series A,2191889,2025-02-18
O0713,C0904,Closed Won,Series A,3690743,2024-12-16
O0714,C0616,Lost,Seed,3515991,2025-02-24
O0715,C0638,Open,Series B,3683162,
O0716,C0526,Lost,Pre-Seed,1595150,2024-09-22
O0717,C0097,Lost,Seed,7072250,2024-12-23
O0718,C0322,Lost,Series A,8477236,2025-05-17
O0719,C0588,Lost,Pre-Seed,2607884,2025-05-06
O0720,C0002,Open,Seed,6124364,
O0721,C0461,Lost,Series B,4771850,2025-03-15
O0722,C0716,Closed Won,Series A,2122781,2025-05-09
O0723,C0758,Open,Seed,8775663,
O0724,C0151,Lost,Series A,9623858,2024-09-25
O0725,C0121,Open,Series B,8647242,
O0726,C0925,Open,Pre-Seed,719721,
O0727,C0787,Lost,Series B,9833369,2025-04-11
O0728,C0190,Open,Series B,2060609,
O0729,C0775,Lost,Series A,5973019,2025-07-16
O0730,C0867,Open,Pre-Seed,6549088,
O0731,C0894,Open,Series A,2814531,
O0732,C0592,Open,Series B,2437408,
O0733,C0440,Lost,Series A,8770874,2025-01-15
O0734,C0503,Closed Won,Series B,7518570,2024-10-31
O0735,C0001,Closed Won,Seed,2282599,2025-02-26
O0736,C0590,Closed Won,Seed,8925549,2024-11-15
O0737,C0056,Lost,Series A,1080728,2025-05-31
O0738,C0136,Closed Won,Series A,6030429,2025-02-04
O0739,C0250,Closed Won,Pre-Seed,6331641,2024-10-12
O0740,C0713,Closed Won,Pre-Seed,7108715,2025-03-13
O0741,C0881,Open,Seed,7932563,
O0742,C0452,Lost,Series B,229895,2024-09-25
O0743,C0482,Lost,Pre-Seed,6334242,2025-04-24
O0744,C0381,Lost,Seed,1440162,2025-01-23
O0745,C0781,Closed Won,Pre-Seed,8623911,2025-01-08
O0746,C0676,Open,Pre-Seed,469659,
O0747,C0008,Open,Seed,5978562,
O0748,C0280,Closed Won,Series B,6130631,2024-11-22
O0749,C0496,Open,Seed,4716828,
O0750,C0206,Open,Series B,3823575,
O0751,C0113,Closed Won,Series A,3373979,2025-04-26
O0752,C0853,Lost,Pre-Seed,9024279,2024-10-31
O0753,C0617,Lost,Series B,5833064,2025-06-30
O0754,C0219,Lost,Pre-Seed,5147319,2025-05-03
O0755,C0609,Lost,Pre-Seed,6359426,2024-10-01
O0756,C0798,Closed Won,Pre-Seed,2926639,2024-12-08
O0757,C0643,Open,Seed,8252877,
O0758,C0218,Open,Series B,2527298,
O0759,C0293,Open,Series A,7673737,
O0760,C0752,Open,Seed,3200115,
O0761,C0137,Lost,Pre-Seed,6354039,2024-10-27
O0762,C0379,Open,Series B,4677154,
O0763,C0541,Closed Won,Pre-Seed,287109,2025-05-18
O0764,C0051,Closed Won,Series B,7525520,2025-04-29
O0765,C0271,Lost,Pre-Seed,5028739,2024-08-27
O0766,C0106,Lost,Seed,655720,2025-03-24
O0767,C0609,Closed Won,Series B,9482799,2025-05-24
O0768,C0519,Lost,Series A,2249444,2025-02-06
O0769,C0432,Closed Won,Seed,5782577,2025-05-04
O0770,C0997,Lost,Series B,9710189,2025-07-08
O0771,C0560,Open,Seed,3108340,
O0772,C0796,Open,Seed,3249390,
O0773,C0715,Lost,Pre-Seed,2681987,2024-10-26
O0774,C0458,Lost,Pre-Seed,5368497,2025-07-04
O0775,C0982,Open,Series A,1031183,
O0776,C0175,Lost,Series A,4587779,2024-08-28
O0777,C0720,Closed Won,Seed,9092981,2025-04-30
O0778,C0218,Closed Won,Pre-Seed,3706801,2025-05-09
O0779,C0264,Lost,Series A,471680,2025-04-09
O0780,C0452,Open,Series A,5877078,
O0781,C0153,Open,Seed,5615825,
O0782,C0134,Closed Won,Seed,8133572,2025-01-19
O0783,C0806,Open,Series B,5117038,
O0784,C0690,Open,Pre-Seed,155138,
O0785,C0539,Closed Won,Series B,4124131,2025-04-26
O0786,C0940,Open,Series A,6638724,
O0787,C0395,Lost,Series A,6595621,2025-05-31
O0788,C0400,Open,Seed,1720623,
O0789,C0416,Closed Won,Seed,9025619,2025-04-23
O0790,C0268,Closed Won,Pre-Seed,7708116,2024-12-23
O0791,C0162,Open,Series B,5790441,
O0792,C0307,Open,Seed,1233423,
O0793,C0601,Lost,Series B,1822046,2024-11-30
O0794,C0095,Open,Series B,510339,
O0795,C0441,Closed Won,Pre-Seed,2729856,2025-01-05
O0796,C0335,Open,Series A,6743193,
O0797,C0448,Closed Won,Series B,569031,2025-04-13
O0798,C0159,Closed Won,Seed,6419511,2025-02-03
O0799,C0487,Lost,Series B,943609,2025-07-19
O0800,C0058,Closed Won,Pre-Seed,3786106,2025-06-10
O0801,C0234,Lost,Series A,3020055,2025-01-19
O0802,C0939,Lost,Series A,6529196,2025-04-09
O0803,C0693,Lost,Pre-Seed,7304631,2025-06-07
O0804,C0070,Lost,Series A,1086551,2025-01-26
O0805,C0390,Lost,Series B,9679646,2025-06-11
O0806,C0008,Open,Series A,6801990,
O0807,C0057,Closed Won,Series B,1407600,2025-06-24
O0808,C0199,Open,Seed,9671076,
O0809,C0150,Closed Won,Pre-Seed,7793283,2024-11-27
O0810,C0780,Lost,Seed,9141743,2024-12-25
O0811,C0217,Closed Won,Seed,206433,2025-02-02
O0812,C0359,Open,Series B,9231385,
O0813,C0379,Lost,Series B,614541,2025-03-17
O0814,C0787,Lost,Series B,6252926,2025-07-02
O0815,C0711,Open,Series A,3763315,
O0816,C0662,Lost,Series B,7863414,2025-07-21
O0817,C0155,Open,Pre-Seed,1620572,
O0818,C0152,Open,Seed,5583822,
O0819,C0949,Closed Won,Seed,3537411,2024-10-11
O0820,C0625,Lost,Series B,1764002,2024-11-11
O0821,C0775,Closed Won,Series A,2207087,2024-09-05
O0822,C0274,Open,Series B,3548998,
O0823,C0351,Closed Won,Seed,7573068,2025-01-09
O0824,C0897,Closed Won,Seed,4338020,2024-11-15
O0825,C0897,Closed Won,Series A,2869667,2025-05-31
O0826,C0851,Closed Won,Series A,1971890,2025-02-07
O0827,C0180,Closed Won,Pre-Seed,8977511,2025-07-16
O0828,C0650,Open,Seed,3327716,
O0829,C0178,Open,Pre-Seed,7831119,
O0830,C0957,Open,Series A,7546452,
O0831,C0951,Open,Series B,2326845,
O0832,C0474,Lost,Seed,8501658,2025-02-25
O0833,C0007,Lost,Series A,812336,2025-06-13
O0834,C0646,Closed Won,Series A,325796,2024-10-26
O0835,C0634,Closed Won,Series B,8388561,2025-05-02
O0836,C0990,Open,Series A,2901365,
O0837,C0567,Open,Series A,3962935,
O0838,C0529,Open,Pre-Seed,697130,
O0839,C0838,Open,Series A,1290955,
O0840,C0827,Lost,Series A,531838,2024-10-03
O0841,C0943,Closed Won,Seed,8648324,2024-12-23
O0842,C0443,Open,Series A,9280744,
O0843,C0528,Open,Pre-Seed,4545560,
O0844,C0987,Open,Pre-Seed,4111185,
O0845,C0275,Closed Won,Series A,5997276,2025-01-29
O0846,C0247,Open,Series B,6005967,
O0847,C0497,Lost,Seed,4145425,2025-02-06
O0848,C0443,Closed Won,Pre-Seed,3285449,2024-09-12
O0849,C0201,Open,Pre-Seed,1784589,
O0850,C0513,Closed Won,Seed,6373114,2024-09-16
O0851,C0683,Closed Won,Series B,8751883,2025-02-22
O0852,C0338,Open,Series A,5141257,
O0853,C0491,Closed Won,Series B,9846922,2024-09-11
O0854,C0097,Lost,Series A,1165864,2025-05-07
O0855,C0953,Lost,Pre-Seed,5193110,2025-06-25
O0856,C0335,Lost,Seed,1293969,2025-01-20
O0857,C0788,Open,Series B,2301874,
O0858,C0041,Closed Won,Pre-Seed,9593823,2025-03-15
O0859,C0887,Lost,Pre-Seed,8410409,2025-01-16
O0860,C0088,Lost,Series B,6330273,2024-11-02
O0861,C0691,Lost,Seed,5388610,2024-10-05
O0862,C0418,Lost,Series A,5042359,2025-05-23
O0863,C0596,Open,Seed,9129439,
O0864,C0360,Open,Series A,2381792,
O0865,C0815,Closed Won,Series A,3692209,2025-05-28
O0866,C0066,Lost,Series B,3854701,2024-08-14
O0867,C0274,Open,Series A,8328772,
O0868,C0018,Closed Won,Series B,3852577,2024-09-07
O0869,C0804,Closed Won,Series B,1745335,2024-12-19
O0870,C0653,Closed Won,Series A,9954347,2024-08-14
O0871,C0507,Lost,Series B,8335155,2025-02-26
O0872,C0920,Open,Series B,9970612,
O0873,C0664,Lost,Seed,9207300,2025-02-12
O0874,C0933,Lost,Pre-Seed,7298883,2024-08-20
O0875,C0338,Open,Pre-Seed,6964096,
O0876,C0437,Lost,Series A,3422761,2025-04-17
O0877,C0327,Open,Seed,281938,
O0878,C0831,Open,Series B,4150912,
O0879,C0638,Closed Won,Series B,8768968,2025-06-10
O0880,C0316,Closed Won,Pre-Seed,767417,2025-06-23
O0881,C0689,Closed Won,Series A,171701,2025-02-28
O0882,C0466,Open,Seed,3853522,
O0883,C0993,Lost,Pre-Seed,3097262,2024-11-24
O0884,C0708,Open,Series A,5117899,
O0885,C0482,Open,Series B,207895,
O0886,C0176,Lost,Seed,2478822,2024-09-13
O0887,C0358,Open,Series B,3321026,
O0888,C0810,Lost,Seed,4029469,2024-11-16
O0889,C0844,Closed Won,Pre-Seed,4390665,2024-10-06
O0890,C0535,Lost,Series A,5144471,2025-03-05
O0891,C0429,Open,Series A,4918398,
O0892,C0992,Open,Seed,4156509,
O0893,C0593,Open,Pre-Seed,62481,
O0894,C0664,Closed Won,Series A,3838720,2024-07-26
O0895,C0992,Closed Won,Seed,3412357,2025-02-19
O0896,C0948,Closed Won,Seed,826313,2025-06-04
O0897,C0630,Closed Won,Pre-Seed,7045705,2025-03-13
O0898,C0850,Closed Won,Pre-Seed,5881525,2025-06-11
O0899,C0126,Open,Seed,9191535,
O0900,C0312,Lost,Seed,1736010,2025-02-03
O0901,C0621,Closed Won,Seed,6731250,2025-06-13
O0902,C0228,Open,Series B,819735,
O0903,C0182,Closed Won,Series A,9936261,2024-12-27
O0904,C0295,Closed Won,Pre-Seed,4743361,2025-01-20
O0905,C0069,Open,Series A,2117762,
O0906,C0502,Lost,Pre-Seed,9676629,2024-11-09
O0907,C0239,Closed Won,Series A,1766832,2024-09-30
O0908,C0064,Closed Won,Seed,498640,2025-04-23
O0909,C0847,Open,Pre-Seed,1992491,
O0910,C0131,Closed Won,Pre-Seed,3223654,2025-04-18
O0911,C0674,Closed Won,Series B,7955104,2025-07-23
O0912,C0172,Closed Won,Pre-Seed,7956359,2025-07-06
O0913,C0205,Closed Won,Series B,9726828,2025-01-17
O0914,C0762,Open,Pre-Seed,8309683,
O0915,C0261,Lost,Series A,417250,2024-12-19
O0916,C0269,Closed Won,Series A,9333731,2025-05-13
O0917,C0956,Lost,Series A,5948061,2025-03-13
O0918,C0358,Open,Pre-Seed,9689822,
O0919,C0628,Closed Won,Series B,5598973,2025-07-11
O0920,C0311,Lost,Pre-Seed,9034259,2025-07-21
O0921,C0309,Open,Series A,8635438,
O0922,C0608,Lost,Pre-Seed,8642566,2025-05-03
O0923,C0985,Lost,Pre-Seed,9057643,2025-03-03
O0924,C0614,Open,Pre-Seed,193118,
O0925,C0569,Lost,Seed,9161793,2025-04-08
O0926,C0986,Closed Won,Series A,3130171,2025-02-10
O0927,C0307,Open,Seed,4039000,
O0928,C0545,Closed Won,Pre-Seed,2080199,2025-04-17
O0929,C0465,Lost,Seed,8343431,2024-10-23
O0930,C0457,Lost,Series B,3925221,2025-02-26
O0931,C0698,Lost,Seed,8974999,2024-08-24
O0932,C0911,Open,Series A,7344239,
O0933,C0226,Open,Series B,8047565,
O0934,C0809,Closed Won,Pre-Seed,7892814,2025-04-04
O0935,C0542,Open,Pre-Seed,227417,
O0936,C0840,Closed Won,Pre-Seed,3726698,2025-01-10
O0937,C0417,Open,Pre-Seed,6121686,
O0938,C0366,Lost,Seed,801025,2025-07-21
O0939,C0835,Open,Pre-Seed,7199443,
O0940,C0218,Lost,Series A,7675056,2025-05-19
O0941,C0365,Lost,Seed,2687290,2024-12-19
O0942,C0196,Open,Series A,7620449,
O0943,C0219,Closed Won,Seed,6165839,2025-02-14
O0944,C0873,Closed Won,Series B,4466032,2025-05-20
O0945,C0167,Lost,Series B,3706520,2025-05-14
O0946,C0243,Lost,Series B,6149743,2025-01-03
O0947,C0694,Lost,Series B,3650699,2024-09-29
O0948,C0997,Open,Seed,3887070,
O0949,C0493,Lost,Series A,9840291,2024-10-21
O0950,C0274,Closed Won,Series B,5946078,2025-06-24
O0951,C0066,Closed Won,Pre-Seed,5259708,2025-06-21
O0952,C0916,Closed Won,Seed,9276891,2024-12-17
O0953,C0839,Lost,Series A,2430638,2025-05-24
O0954,C0231,Open,Seed,6309224,
O0955,C0223,Closed Won,Pre-Seed,611566,2025-01-08
O0956,C0573,Open,Seed,3590070,
O0957,C0870,Lost,Seed,1397202,2024-10-16
O0958,C0024,Open,Pre-Seed,3307838,
O0959,C0103,Closed Won,Seed,4176798,2025-04-06
O0960,C0320,Lost,Pre-Seed,5036665,2025-06-17
O0961,C0465,Closed Won,Pre-Seed,779984,2025-06-23
O0962,C0312,Lost,Series A,4600967,2024-09-17
O0963,C0202,Lost,Seed,9595107,2025-01-09
O0964,C0795,Lost,Seed,4096295,2024-09-18
O0965,C0625,Closed Won,Pre-Seed,9414295,2025-02-08
O0966,C0855,Closed Won,Series A,9017656,2025-07-08
O0967,C0929,Closed Won,Series B,828181,2025-07-14
O0968,C0247,Closed Won,Series B,4723361,2024-12-01
O0969,C0883,Closed Won,Seed,1892893,2025-07-24
O0970,C0754,Open,Series B,9955336,
O0971,C0131,Open,Seed,3959479,
O0972,C0589,Open,Seed,4742423,
O0973,C0469,Closed Won,Pre-Seed,8503710,2025-01-25
O0974,C0770,Lost,Series A,6370756,2024-09-12
O0975,C0383,Lost,Seed,596664,2025-04-02
O0976,C0093,Lost,Series A,87029,2024-09-16
O0977,C0333,Lost,Pre-Seed,2936864,2025-01-01
O0978,C0663,Open,Seed,2239835,
O0979,C0360,Lost,Series B,6095016,2024-11-07
O0980,C0650,Open,Series B,6239081,
O0981,C0169,Closed Won,Pre-Seed,1049391,2024-12-06
O0982,C0041,Closed Won,Series A,8731818,2024-09-14
O0983,C0938,Closed Won,Pre-Seed,4657511,2025-04-28
O0984,C0204,Closed Won,Series A,77608,2024-10-15
O0985,C0469,Open,Series B,4492226,
O0986,C0696,Open,Series A,8215331,
O0987,C0185,Open,Pre-Seed,4073402,
O0988,C0384,Lost,Series A,911794,2025-05-24
O0989,C0452,Lost,Series A,3896504,2024-09-06
O0990,C0234,Closed Won,Pre-Seed,7049964,2025-05-11
O0991,C0436,Open,Series A,9296880,
O0992,C0656,Open,Seed,2305354,
O0993,C0388,Closed Won,Series A,9802180,2024-08-17
O0994,C0796,Closed Won,Pre-Seed,875628,2024-08-07
O0995,C0665,Closed Won,Pre-Seed,3619988,2024-08-10
O0996,C0318,Lost,Series A,3645214,2024-08-04
O0997,C0919,Open,Seed,482186,
O0998,C0439,Closed Won,Pre-Seed,9287698,2025-05-09
O0999,C0803,Closed Won,Series B,9305592,2024-09-16
O1000,C0642,Open,Pre-Seed,3418013,
